,0
shape,"(50000, 11)"
dtypes,"{'patient_id': 'int64', 'age': 'int64', 'gender': 'object', 'pack_years': 'float64', 'radon_exposure': 'object', 'asbestos_exposure': 'object', 'secondhand_smoke_exposure': 'object', 'copd_diagnosis': 'object', 'alcohol_consumption': 'object', 'family_history': 'object', 'lung_cancer': 'object'}"
missing_count,"{'patient_id': 0, 'age': 0, 'gender': 0, 'pack_years': 0, 'radon_exposure': 0, 'asbestos_exposure': 0, 'secondhand_smoke_exposure': 0, 'copd_diagnosis': 0, 'alcohol_consumption': 16662, 'family_history': 0, 'lung_cancer': 0}"
missing_pct,"{'patient_id': 0.0, 'age': 0.0, 'gender': 0.0, 'pack_years': 0.0, 'radon_exposure': 0.0, 'asbestos_exposure': 0.0, 'secondhand_smoke_exposure': 0.0, 'copd_diagnosis': 0.0, 'alcohol_consumption': 33.324, 'family_history': 0.0, 'lung_cancer': 0.0}"
